artifact,report_artifact,level,condition,parameters,degradation_pipeline,num_patients,dice_WT_mean,dice_WT_sd,dice_WT_drop_mean,dice_WT_drop_sd,iou_WT_mean,iou_WT_sd,iou_WT_drop_mean,iou_WT_drop_sd,dice_TC_mean,dice_TC_sd,dice_TC_drop_mean,dice_TC_drop_sd,iou_TC_mean,iou_TC_sd,iou_TC_drop_mean,iou_TC_drop_sd,dice_ET_mean,dice_ET_sd,dice_ET_drop_mean,dice_ET_drop_sd,iou_ET_mean,iou_ET_sd,iou_ET_drop_mean,iou_ET_drop_sd,pred_WT_voxels_mean,true_WT_voxels_mean,pred_WT_voxels_change_mean,inference_seconds_mean,degradation_seconds_mean
blur,Blur,1,blur_L1,"{""sigma"": 0.5}",script26a_restored_original_range,74,0.8868139069145576,0.0773997137538668,0.00933725498728714,0.03510809569961638,0.8045191219391212,0.1151876564626226,0.014037312591236733,0.04888656186897243,0.8386384143546031,0.15135341446051054,0.008319344947191018,0.06886377736876234,0.7458957866914947,0.18704479273298477,0.010370988545059532,0.07258030227326343,0.7271192963276024,0.26251010488985693,0.014584122564828985,0.03338078060799198,0.6237956414016285,0.2627219409877584,0.019997474255562493,0.040055556524491394,103663.5945945946,99706.22972972973,5982.1621621621625,3.9271096074450256,1.0305097672484211
blur,Blur,2,blur_L2,"{""sigma"": 1.0}",script26a_restored_original_range,74,0.8421999249741082,0.13788146333808524,0.05395123692773661,0.10631410764606579,0.7474206820904739,0.17234007837124293,0.07113575243988395,0.11954477864949191,0.8024302534607342,0.17019002552287152,0.04452750584105993,0.10069611024707655,0.6980822253776151,0.20274944571671347,0.05818454985893908,0.10875336121644176,0.6858135891948262,0.25800137748626184,0.05588982969760512,0.05955954560649828,0.5699092702868322,0.25222511007547915,0.07388384537035868,0.07284957220628761,113779.77027027027,99706.22972972973,16098.337837837838,3.9191067909469477,1.1334356424725942
blur,Blur,3,blur_L3,"{""sigma"": 1.5}",script26a_restored_original_range,74,0.7980560876445262,0.17505953266387927,0.09809507425731867,0.14254807238438988,0.6929879914328949,0.20394931114087533,0.12556844309746293,0.15402517916964448,0.7563323450071004,0.19818093840763357,0.09062541429469367,0.14402044063283242,0.6427354245527472,0.22287919648998822,0.11353135068380699,0.14983705085129084,0.6450163280354643,0.2568785202940158,0.09668709085696713,0.0909158205192696,0.5210162441225159,0.24415725135313052,0.12277687153467513,0.1012075760511807,125116.43243243243,99706.22972972973,27435.0,3.975262630831551,1.2356875486722267
blur,Blur,4,blur_L4,"{""sigma"": 2.0}",script26a_restored_original_range,74,0.7629928793049223,0.1949831876545065,0.13315828259692256,0.1626904265313318,0.6502559522557739,0.21720753082098898,0.16830048227458397,0.1704145039305799,0.7177044613760977,0.2151053880621412,0.1292532979256964,0.16853248794343634,0.5974408261537306,0.23105819538632688,0.1588259490828236,0.17106143073990546,0.6125575698558976,0.25628907424681663,0.12914584903653378,0.11425867091968682,0.483895537858544,0.23588504600656687,0.1598975777986469,0.12111811139528317,135543.66216216216,99706.22972972973,37862.22972972973,3.9568547611754084,1.3643875579173501
blur,Blur,5,blur_L5,"{""sigma"": 2.5}",script26a_restored_original_range,74,0.7323845768283637,0.20711204450887075,0.1637665850734813,0.17560137190832711,0.6134553287321104,0.2236509025133351,0.2051011057982475,0.17987775299623943,0.6823324056295956,0.2279145653569303,0.1646253536721983,0.18856246308158148,0.5575307931550431,0.23569608878549753,0.1987359820815112,0.18744277242816632,0.5871281478634561,0.2542519728634903,0.15457527102897534,0.1287099108817893,0.4554343472318164,0.22759890271192929,0.18835876842537427,0.13419381888926918,145624.04054054053,99706.22972972973,47942.60810810811,3.967330465370135,1.4728941164054983
blur,Blur,6,blur_L6,"{""sigma"": 3.0}",script26a_restored_original_range,74,0.7036935262517132,0.21452772067969728,0.19245763565013166,0.18383910447799706,0.5793777675938483,0.2260782259326047,0.23917866693650955,0.18485669658209,0.652309939770927,0.23560483318794945,0.19464781953086707,0.2003454826425445,0.5243223642447233,0.23666565083703114,0.23194441099183097,0.1957023691089891,0.5659490799570845,0.2508688250343407,0.17575433893534678,0.13583484373585084,0.43214187456455344,0.22001022257033337,0.21165124109263742,0.1408511897937851,155794.01351351352,99706.22972972973,58112.58108108108,3.9153128015632563,1.5835452736732927
blur,Blur,7,blur_L7,"{""sigma"": 3.5}",script26a_restored_original_range,74,0.6742465177053227,0.21923652472403904,0.22190464419652217,0.18920495363629974,0.5451062577422985,0.2263057383105279,0.2734501767880594,0.18750478382945304,0.6194184743093686,0.24166212264972892,0.2275392849924254,0.20853689011912865,0.4890286599723129,0.23667514302866738,0.26723811526424135,0.20060152177951246,0.5465313026874845,0.24781619307917505,0.1951721162049469,0.14054114149404234,0.4114643029204698,0.2133653942114988,0.23232881273672107,0.144988656509235,167214.3918918919,99706.22972972973,69532.95945945945,3.9682583876860305,1.6821026190410595
blur,Blur,8,blur_L8,"{""sigma"": 4.0}",script26a_restored_original_range,74,0.6447698154957686,0.22295516573192947,0.2513813464060764,0.19357073885118037,0.5120722660282195,0.2261463028503346,0.30648416850213833,0.1898335562806366,0.5844718751972009,0.2470995104129284,0.26248588410459317,0.21838071095252173,0.45311398695202154,0.23645008745522267,0.3031527882845327,0.20857882420588514,0.5261306434682181,0.24495240688697054,0.21557277542421327,0.14323449396440346,0.39056048944329447,0.20742328633692997,0.2532326262138964,0.14768527341521523,179593.75675675675,99706.22972972973,81912.32432432432,3.9478346228700234,1.7732210120035183
blur,Blur,9,blur_L9,"{""sigma"": 4.5}",script26a_restored_original_range,74,0.6181015439526536,0.22579011391232598,0.2780496179491914,0.1972821860474528,0.4831676305677743,0.22502450559499987,0.3353888039625837,0.19113606992362026,0.5514359528840118,0.25011659399820246,0.29552180641778236,0.22757600197715236,0.4201448316127079,0.23460677066094376,0.3361219436238464,0.21694331425660543,0.5043472068328245,0.2426521834577824,0.23735621205960689,0.1453755523392598,0.36924775433897017,0.20261943514389638,0.27454536131822077,0.15001164299827802,192033.85135135136,99706.22972972973,94352.41891891892,3.8948518358976454,1.896896604876462
blur,Blur,10,blur_L10,"{""sigma"": 5.0}",script26a_restored_original_range,74,0.5937566335978335,0.22795145633823402,0.3023945283040114,0.20001547582623666,0.4575353876987163,0.22316236364080508,0.3610210468316415,0.1909874049601139,0.5224513260965724,0.2516908162969164,0.32450643320522177,0.2345123193952277,0.3920082617920916,0.2314167651931908,0.3642585134444627,0.22262303068610007,0.4818288102670882,0.24312415515834765,0.25987460862534323,0.1517101692170697,0.34849973172107435,0.19935144521991044,0.29529338393611654,0.15450689318607722,204443.95945945947,99706.22972972973,106762.52702702703,3.9504796649153167,1.998509000886131
ghosting,Ghosting,1,ghosting_L1,"{""intensity"": 0.15, ""num_repeats"": 4}",script26a_restored_original_range,74,0.8902314492832974,0.07220323661803073,0.00591971261854752,0.031013205306057463,0.8090745557601378,0.1078594959809463,0.009481878770220083,0.0424107863150048,0.8452188385385094,0.14217235154465865,0.0017389207632847856,0.045861238630040026,0.753606469515808,0.18017804355551412,0.002660305720746245,0.05245593856867029,0.739585815080927,0.26229079653718734,0.002117603811504372,0.02481744093050944,0.6398718191924762,0.2629849340609899,0.003921296464714697,0.029169751331024344,102061.7972972973,99706.22972972973,4380.364864864865,3.0106552157651736,1.1835399352869875
ghosting,Ghosting,2,ghosting_L2,"{""intensity"": 0.25, ""num_repeats"": 8}",script26a_restored_original_range,74,0.8794924145402089,0.08083315741573006,0.016658747361636292,0.05024627385305843,0.7931519688729692,0.11633782573045612,0.025404465657388683,0.06576300329137924,0.8423680969304174,0.1391622071342779,0.004589662371376747,0.047386117670584885,0.7485346424212022,0.17749252794652737,0.0077321328153522,0.05636332162379947,0.7395086254747139,0.25993379098366465,0.0021947934177174947,0.031883848861456336,0.6385684190229821,0.2594255540291265,0.005224696634208844,0.035942676500996515,104979.5945945946,99706.22972972973,7298.1621621621625,3.1051183683747374,1.3957450147214774
ghosting,Ghosting,3,ghosting_L3,"{""intensity"": 0.35, ""num_repeats"": 12}",script26a_restored_original_range,74,0.8574786992583123,0.09940130953079068,0.038672462643532614,0.07625463606785543,0.7618750580489686,0.13317455431547742,0.05668137648138927,0.09548266736489797,0.8329741572502798,0.14161049430428405,0.013983602051514282,0.05735698861457779,0.7350909178871712,0.1796157172601139,0.02117585734938311,0.06973464711921781,0.7353442512234079,0.25803954966282017,0.00635916766902349,0.04805401450615951,0.6319428786521053,0.2550907863450995,0.011850237005085602,0.05219956245118206,109919.85135135135,99706.22972972973,12238.418918918918,3.0744091386126504,1.6119987935935323
ghosting,Ghosting,4,ghosting_L4,"{""intensity"": 0.45, ""num_repeats"": 16}",script26a_restored_original_range,74,0.8125851908481325,0.12281161490165605,0.0835659710537123,0.10423490500205063,0.6994258195886726,0.14931335063222015,0.11913061494168527,0.12215378775635292,0.8107880316611709,0.1539813283269814,0.03616972764062325,0.08257965263078751,0.7057316015959867,0.18912995771782096,0.05053517364056748,0.09919394870580396,0.7219120185488886,0.25751593092361774,0.019791400343542605,0.06554258478909332,0.6138437075648039,0.25054900001402824,0.02994940809238692,0.07364658619821192,119870.9054054054,99706.22972972973,22189.472972972973,3.0864696961047278,1.8105340882934429
ghosting,Ghosting,5,ghosting_L5,"{""intensity"": 0.55, ""num_repeats"": 20}",script26a_restored_original_range,74,0.7381454067222839,0.1449226478587881,0.158005755179561,0.12727631196781442,0.6027376063886604,0.15871263055956367,0.21581882814169756,0.13748577677145937,0.7628322234199743,0.16840901698196392,0.08412553588181981,0.11504479497798582,0.6428214987498434,0.19727551046000685,0.11344527648671084,0.1375696976874361,0.6844686903913428,0.2542589912910399,0.05723472850108855,0.08936482880491904,0.565604731559021,0.24142738679245168,0.07818838409816989,0.1063325009510689,138781.93243243243,99706.22972972973,41100.5,3.0512878359672992,2.024655407772878
ghosting,Ghosting,6,ghosting_L6,"{""intensity"": 0.65, ""num_repeats"": 24}",script26a_restored_original_range,74,0.6351593720873785,0.16834804781054913,0.2609917898144665,0.14885911408008523,0.4852043839691844,0.16474414760057213,0.33335205056117356,0.14469890131990865,0.6446644617908478,0.20093219638095147,0.20229329751094632,0.16965953728531202,0.5060745669337495,0.21019407953768646,0.25019220830280475,0.18496146406568442,0.5761296808715438,0.25113319978546883,0.1655737380208876,0.14069606055334052,0.4433720776895785,0.22612637821175,0.2004210379676125,0.15630291883871902,171584.54054054053,99706.22972972973,73903.1081081081,3.025700958068105,2.287851001765277
ghosting,Ghosting,7,ghosting_L7,"{""intensity"": 0.75, ""num_repeats"": 28}",script26a_restored_original_range,74,0.5313322306641849,0.19170157146999853,0.36481893123766,0.16976428882367925,0.3830427836467477,0.16670844661244624,0.4355136508836102,0.14706134117567343,0.4879044006473142,0.22429113269529066,0.35905335865447996,0.20652117656777386,0.3509182867785365,0.19514047389675115,0.40534848845801774,0.1967184856795229,0.41472727110798824,0.23937655226415616,0.32697614778444317,0.19164923261503602,0.28987559585418754,0.19172448725633107,0.3539175198030033,0.19011976029468153,215379.85135135136,99706.22972972973,117698.41891891892,3.01025307626539,2.448024376471703
ghosting,Ghosting,8,ghosting_L8,"{""intensity"": 0.85, ""num_repeats"": 32}",script26a_restored_original_range,74,0.4569523538062582,0.1894061744371091,0.4391988080955865,0.16713094005065038,0.3146090280792379,0.1537294029313916,0.50394740645112,0.13771169796365956,0.3732681476124377,0.20530668617375733,0.47368961168935636,0.19794544291009364,0.24887465059850405,0.1572443689359931,0.5073921246380501,0.18574293745088122,0.2921695827924164,0.199879329053423,0.44953383610001507,0.1987272781369809,0.18720926888769154,0.14052542852353575,0.45658384676949937,0.20170584866677999,257172.43243243243,99706.22972972973,159491.0,2.95423159954717,2.7049255593352624
ghosting,Ghosting,9,ghosting_L9,"{""intensity"": 0.9, ""num_repeats"": 36}",script26a_restored_original_range,74,0.4269659422777231,0.18580555466734613,0.4691852196241218,0.1640315281960819,0.2884047884363625,0.14673985191148248,0.5301516460939955,0.1332535488696872,0.32083818165123756,0.19228277686429876,0.5261195776505564,0.18737412805567588,0.20673567728515563,0.13968136336052336,0.5495310979513987,0.17949705164267704,0.2355055100887214,0.1766957980066903,0.50619790880371,0.20314624841825002,0.14509268225449895,0.11825261667429035,0.4987004334026919,0.2112581275957666,273314.97297297296,99706.22972972973,175633.54054054053,2.9501246907622427,2.901488597404111
ghosting,Ghosting,10,ghosting_L10,"{""intensity"": 0.95, ""num_repeats"": 40}",script26a_restored_original_range,74,0.4028003035483289,0.18213451493074576,0.49335085835351594,0.16104494924631874,0.26789819813295207,0.14056461546905244,0.5506582363974057,0.1296332283374878,0.2734966771955529,0.1798150055851215,0.5734610821062412,0.18149691305709328,0.17124587978256925,0.12574337045763442,0.5850208954539851,0.17821244379649076,0.18442422280365675,0.15444561946705734,0.5572791960887747,0.2130361653522497,0.10994204974545382,0.10017575864082344,0.533851065911737,0.22308372216460082,283178.8108108108,99706.22972972973,185497.37837837837,2.882821578129723,3.1400165296084173
noise,Gaussian noise,1,noise_L1,"{""std"": 0.02}",script26a_restored_original_range,74,0.8958709164081622,0.06800140742955864,0.0002802454936828456,0.012155313413440373,0.8175375043702849,0.10190713677551555,0.0010189301600729576,0.017176250220903876,0.846042478585003,0.14522472757061103,0.0009152807167911365,0.040852348099039884,0.7557059571418984,0.1832979083040103,0.0005608180946559359,0.04713079687223051,0.7398458230539262,0.26378449634118745,0.001857595838505243,0.021115848530194378,0.6409707340639031,0.26519585157712905,0.002822381593287783,0.024631189316297344,98760.48648648648,99706.22972972973,1079.054054054054,2.7622233715814515,1.4460347860145408
noise,Gaussian noise,2,noise_L2,"{""std"": 0.04}",script26a_restored_original_range,74,0.8954668107627176,0.06798255980059593,0.0006843511391272673,0.009088965760439606,0.8168204299040198,0.10114417613986097,0.001736004626337991,0.01322001919823086,0.845857589947095,0.14544203200766884,0.001100169354699062,0.04137445572964819,0.755496828127487,0.1835478444028974,0.00076994710906733,0.04762004827677607,0.7395992224480669,0.2625730549480656,0.0021041964443645764,0.01989208908792931,0.6401043288078315,0.26373508028793824,0.0036887868493594186,0.023572895467896274,96725.06756756757,99706.22972972973,-956.3648648648649,2.773920481068057,1.42337231390883
noise,Gaussian noise,3,noise_L3,"{""std"": 0.06}",script26a_restored_original_range,74,0.8925024276145761,0.0701289090033084,0.0036487342872687585,0.013343516964719925,0.8122735269755271,0.1031525253535003,0.006282907554830794,0.02024943399249787,0.8444229690325457,0.14702311467354215,0.0025347902692484893,0.039025111585402374,0.7537021766269595,0.18462582620713794,0.002564598609594807,0.04534820087119947,0.7383994691598538,0.2611556845438435,0.003303949732577601,0.01957903267495901,0.6378591356339857,0.26176292473903573,0.0059339800232051515,0.022268114816636795,94102.36486486487,99706.22972972973,-3579.0675675675675,2.792684914493883,1.4359107719532944
noise,Gaussian noise,4,noise_L4,"{""std"": 0.08}",script26a_restored_original_range,74,0.8861459453228601,0.07624997340359406,0.010005216578984734,0.024522779739260595,0.802923733363764,0.10966740230024088,0.0156327011665939,0.036161305558553895,0.8443969040315944,0.14514392618138608,0.002560855270199732,0.03390131378745555,0.7530271258128836,0.18195196393176824,0.003239649423670735,0.03932684686992626,0.7373030128258836,0.25897421214762556,0.004400406066547798,0.030812563346616192,0.6352719777970484,0.25813570583794904,0.008521137860142405,0.030412271704840003,91047.37837837837,99706.22972972973,-6634.054054054054,2.7988730284158847,1.4260101554713942
noise,Gaussian noise,5,noise_L5,"{""std"": 0.1}",script26a_restored_original_range,74,0.8753283075858026,0.08522914929824033,0.020822854316042354,0.03559235625663307,0.7871584662892698,0.1193442664730545,0.03139796824108799,0.050283390556704013,0.8412916898174273,0.1488598277363319,0.005666069484366881,0.03430818192853973,0.7490535874689489,0.1834652039870241,0.0072131877676053615,0.03644859771158822,0.7338480112522873,0.25912326820844067,0.007855407640144169,0.0454033169304414,0.6304722008165178,0.2561741190455936,0.01332091484067314,0.044240925632928,87843.48648648648,99706.22972972973,-9837.945945945947,2.7976553612766235,1.4214632572555863
noise,Gaussian noise,6,noise_L6,"{""std"": 0.15}",script29a_saved_normalized_01,74,0.8185873481954414,0.11890524064697809,0.07756381370640343,0.07053230010584731,0.7077146104315515,0.15056529333632962,0.11084182409880632,0.0872546386558588,0.8305754057422323,0.14900984427606462,0.016382353559561733,0.04053065924542423,0.732523480360827,0.17969374218930145,0.023743294875727215,0.04201516978135343,0.7174849609288031,0.2573559189841031,0.024218457963628266,0.06871524638361108,0.6081790757592527,0.25001256233958835,0.03561403989793812,0.07413711038530912,77209.7027027027,99706.22972972973,-20471.72972972973,2.7763131309703395,1.2654177647184681
noise,Gaussian noise,7,noise_L7,"{""std"": 0.2}",script29a_saved_normalized_01,74,0.7270331053565005,0.18132567373589575,0.16911805654534454,0.13700429056624597,0.5980090490967097,0.19374757718013055,0.22054738543364807,0.13825437125472012,0.7882468499466145,0.18098804992076872,0.05871090935517959,0.08547864429112527,0.6801856245550884,0.204286382141964,0.07608115068146584,0.08356925047185773,0.6786418772898507,0.26331005909183863,0.06306154160258068,0.10621988023836715,0.5617112858581668,0.24791628527836324,0.0820818297990241,0.10935631067729883,65543.45945945945,99706.22972972973,-32137.972972972973,2.8132940259686596,1.261575325115307
noise,Gaussian noise,8,noise_L8,"{""std"": 0.3}",script29a_saved_normalized_01,74,0.46793435285786794,0.252574526939586,0.42821680904397696,0.22476917971435909,0.339377615197781,0.21075132565648186,0.479178819332577,0.1831082965275206,0.5978385432261166,0.29384910796803915,0.24911921607567744,0.23010477303034313,0.4821836087915475,0.27344403532897227,0.27408316644500674,0.19647486350854185,0.5175184686928369,0.2797256065101972,0.22418495019959445,0.25048242037681706,0.39377942301167923,0.24362600208162727,0.2500136926455116,0.2398407484057199,38245.75675675676,99706.22972972973,-59435.67567567567,2.7939510254843816,1.2645343366657962
noise,Gaussian noise,9,noise_L9,"{""std"": 0.4}",script29a_saved_normalized_01,74,0.1747601447975622,0.17738813503920636,0.7213910171042828,0.1695284601699964,0.10692171009415398,0.11731696742540039,0.711634724436204,0.1320568192995139,0.27652598585368937,0.28304452736107866,0.5704317734481048,0.25430908057470797,0.19604989138926499,0.22167696790172392,0.5602168838472894,0.20744167364490798,0.24050883230285766,0.2614230489740224,0.5011945865895736,0.36154906555677113,0.16759398964769215,0.21589609770384874,0.47619912600949876,0.34024925911864884,12537.864864864865,99706.22972972973,-85143.56756756757,2.8309284758728905,1.2711330512790262
noise,Gaussian noise,10,noise_L10,"{""std"": 0.5}",script29a_saved_normalized_01,74,0.0224415444713569,0.06285165019345249,0.8737096174304879,0.08977678339074774,0.012550931799864313,0.03852185451865333,0.8060055027304937,0.10843624485568981,0.04501447548578396,0.11505184556069217,0.8019432838160102,0.16063756317687064,0.027275160488795292,0.07343448005486343,0.728991614747759,0.17714240091397718,0.10051922840958423,0.25869108574017086,0.6411841904828472,0.47873675524302345,0.08663011639956944,0.2531295723442348,0.5571629992576215,0.46593146720607587,2063.9594594594596,99706.22972972973,-95617.47297297297,2.8142247001917378,1.2981590788207344
contrast,Contrast reduction,1,contrast_L1,"{""factor"": 0.9}",script26a_restored_original_range,74,0.895793138747133,0.06827240685263501,0.000358023154711865,0.01437643461979453,0.8174686151946233,0.10245447995082821,0.0010878193357346275,0.02038303360950456,0.8464851259085058,0.14471696383021548,0.0004726333932882159,0.04289081561411786,0.756230981830593,0.1827606105156708,3.579340596118602e-05,0.04864206132361419,0.7402824645264277,0.26408507278935095,0.0014209543660038877,0.02201649874808299,0.641690471969929,0.26564447580662653,0.0021026436872618693,0.02538427307987848,99518.32432432432,99706.22972972973,1836.8918918918919,2.906319948970466,0.9658617343803918
contrast,Contrast reduction,2,contrast_L2,"{""factor"": 0.75}",script26a_restored_original_range,74,0.8958009915228315,0.06826566749507247,0.0003501703790132857,0.014378350257557418,0.8174803770494906,0.10244550741621195,0.001076057480867399,0.020384542852616597,0.84649250444858,0.1447128323203704,0.0004652548532140645,0.04288666407683411,0.75624110018741,0.18275641314358695,2.567504914430102e-05,0.04864052208710057,0.7402860397719203,0.2640874942467569,0.0014173791205111662,0.022032869953067816,0.6416958627255751,0.2656452047987363,0.0020972529316157966,0.02540152495807807,99518.5945945946,99706.22972972973,1837.162162162162,2.8977927319655143,0.9762787017216151
contrast,Contrast reduction,3,contrast_L3,"{""factor"": 0.6}",script26a_restored_original_range,74,0.8957997353051607,0.06826515054493379,0.00035142659668406257,0.014378303447321111,0.8174781946379176,0.10244436601561005,0.0010782398924401844,0.02038500347063765,0.8464901365725053,0.1447251346036581,0.00046762272928886666,0.04291425242044462,0.7562409744025862,0.18276946717995404,2.5800833967910494e-05,0.04866039176743963,0.7402833425020846,0.26408795132504054,0.0014200763903468342,0.0220221032865594,0.6416930449248778,0.26564854979367086,0.0021000707323131406,0.025388245035674967,99518.45945945945,99706.22972972973,1837.027027027027,2.9001243833855197,0.9747032338652659
contrast,Contrast reduction,4,contrast_L4,"{""factor"": 0.45}",script26a_restored_original_range,74,0.8957952761046146,0.0682679066381635,0.00035588579723027004,0.014380894600039329,0.8174713635742399,0.10244855669203415,0.0010850709561180116,0.0203897743044,0.846486632549512,0.14472564814539593,0.0004711267522820396,0.042912556814472744,0.7562356393573118,0.18276871643784862,3.113587924250283e-05,0.048660659172487304,0.7402846181128345,0.26408503939692674,0.0014188007795969066,0.02202227763040052,0.6416934310713253,0.2656453627694547,0.00209968458586559,0.02539289841471987,99519.08108108108,99706.22972972973,1837.6486486486488,2.9161760758709265,0.9678237621445913
contrast,Contrast reduction,5,contrast_L5,"{""factor"": 0.3}",script26a_restored_original_range,74,0.8957971495555109,0.0682677508948571,0.00035401234633404517,0.014383062855414191,0.8174743961919573,0.10244807527730025,0.001082038338400772,0.020392659246855693,0.8464871241762173,0.14472341607651015,0.0004706351255766595,0.04291348054904324,0.7562356487744527,0.18276561103076114,3.112646210158141e-05,0.04865958828881656,0.7402779446594056,0.2640854595314325,0.0014254742330258327,0.022024261718016344,0.6416847091061134,0.2656448913054085,0.002108406551077343,0.025397551238755305,99518.78378378379,99706.22972972973,1837.3513513513512,2.9186333295561977,0.9704025987586057
contrast,Contrast reduction,6,contrast_L6,"{""factor"": 0.2}",script29a_saved_normalized_01,74,0.8957969063550049,0.06826746025453889,0.0003542555468398872,0.01438195322527265,0.817473873098255,0.10244649865686867,0.0010825614321028684,0.02039106320158359,0.8464881628148643,0.14471567217567616,0.0004695964869297623,0.04289698790200271,0.7562352123244985,0.18275887009010558,3.156291205563897e-05,0.04864823798572498,0.7402829141571241,0.26408628658531563,0.001420504735307389,0.022037488547320423,0.6416918684506789,0.26564757427714547,0.002101247206512022,0.025413799229611685,99519.1081081081,99706.22972972973,1837.6756756756756,2.8915699515995144,0.7205586674799388
contrast,Contrast reduction,7,contrast_L7,"{""factor"": 0.15}",script29a_saved_normalized_01,74,0.8957942924226395,0.06827128189725327,0.0003568694792054365,0.014382078628913057,0.8174702981010284,0.10245271304180663,0.0010861364293294551,0.02039153902040961,0.8464848046905703,0.14472262972053876,0.00047295461122379373,0.042903121663647355,0.7562320398397971,0.18276589749919347,3.473539675704659e-05,0.04865159786317185,0.7402781732105621,0.2640872508715193,0.0014252456818692491,0.022024245216858536,0.6416859420283991,0.26564756490027985,0.002107173628791738,0.02538943142977596,99518.75675675676,99706.22972972973,1837.3243243243244,2.852078686720012,0.7158649396151304
contrast,Contrast reduction,8,contrast_L8,"{""factor"": 0.1}",script29a_saved_normalized_01,74,0.8957963437495627,0.06826787874274137,0.00035481815228212535,0.01437829151800575,0.8174730427832984,0.10244747736510573,0.001083391747059585,0.020385602757938364,0.846485416348193,0.14472077746465653,0.0004723429536010152,0.04290434591116401,0.7562325377056517,0.18276468616818017,3.423753090261544e-05,0.04865235976544992,0.7402757619479455,0.26408373196860113,0.0014276569444858591,0.02203067207723175,0.6416808506801808,0.26564148923557274,0.00211226497701012,0.025397770715298053,99518.7972972973,99706.22972972973,1837.3648648648648,2.8612017550983944,0.7192142223435882
contrast,Contrast reduction,9,contrast_L9,"{""factor"": 0.05}",script29a_saved_normalized_01,74,0.895794426868066,0.06826852948717033,0.00035673503377895555,0.014379848641069063,0.8174701053032112,0.1024499514151644,0.001086329227146823,0.020386297614700684,0.8464878982966189,0.14471756140567835,0.00046986100517521244,0.04288078197685354,0.7562354644168799,0.18276173569453175,3.1310819674242756e-05,0.04863157166189086,0.7402791074425719,0.2640844357727834,0.0014243114498594383,0.022019106710348554,0.6416857047043625,0.2656432198717187,0.0021074109528284577,0.025383589703243763,99519.0945945946,99706.22972972973,1837.662162162162,2.8499122944635316,0.712922575732542
contrast,Contrast reduction,10,contrast_L10,"{""factor"": 0.02}",script29a_saved_normalized_01,74,0.8957954510260382,0.06826859991896561,0.0003557108758067725,0.014381667856862772,0.8174717844214715,0.10244976737068465,0.0010846501088864321,0.02039003136708142,0.8464883906973147,0.14471875177081162,0.0004693686044792565,0.04290355117671256,0.7562363779248026,0.18276160478045492,3.0397311751747116e-05,0.048651603310942065,0.7402759966499368,0.2640836292665574,0.0014274222424946424,0.02203079549767201,0.6416813119557755,0.2656426717877692,0.002111803701415503,0.025402291302331837,99518.7027027027,99706.22972972973,1837.2702702702702,2.8832144193300926,0.717979930920174
ringing,Fourier truncation / frequency-domain ringing-like degradation,1,ringing_L1,"{""keep_fraction"": 0.85}",script26a_restored_original_range,74,0.895619620367657,0.06784770590203539,0.0005315415341879283,0.016728195888874958,0.8171325011213777,0.10221164666242208,0.0014239334089802187,0.02346690913084782,0.8474691912308974,0.1431621925447581,-0.0005114319291032724,0.047475679886734706,0.7572892424060719,0.1811381570314376,-0.0010224671695176415,0.052959371640775306,0.7402236997604189,0.2634031502536891,0.0014797191320124609,0.025547586170541724,0.6413085855107499,0.26486692544615836,0.00248453014644099,0.028787167371893414,99770.66216216216,99706.22972972973,2089.2297297297296,3.000891612565799,2.260722413004653
ringing,Fourier truncation / frequency-domain ringing-like degradation,2,ringing_L2,"{""keep_fraction"": 0.75}",script26a_restored_original_range,74,0.8950919347755893,0.06812156295533661,0.001059227126255526,0.018731306567461473,0.8163231119091426,0.10273793079500634,0.0022333226212152115,0.026346996343165213,0.8471540259811423,0.14299120520584074,-0.00019626667934810079,0.05094440340161209,0.7567273092027892,0.18070714828253653,-0.00046053396623490085,0.056398860991482634,0.7389982353975288,0.2629772926405553,0.0027051834949026327,0.027061324983664134,0.6394945601196956,0.2642273256627126,0.00429855553749515,0.030564245217189152,100152.12162162163,99706.22972972973,2470.689189189189,2.9958201553169133,2.241264700537195
ringing,Fourier truncation / frequency-domain ringing-like degradation,3,ringing_L3,"{""keep_fraction"": 0.65}",script26a_restored_original_range,74,0.8938583408615499,0.0692708982359049,0.0022928210402949735,0.021427866378991984,0.8145040273388883,0.10435931476137064,0.004052407191469649,0.03029050608243074,0.8458268884594986,0.14381959352129706,0.0011308708422955757,0.05517587429657231,0.7548967298094914,0.1812433330125737,0.001370045427062837,0.06062746784244857,0.7363729768491851,0.26251287273581025,0.005330442043246284,0.028927512996457565,0.635832668703026,0.26344457213990735,0.007960446954164951,0.0328323221740779,100783.87837837837,99706.22972972973,3102.445945945946,2.986216512156298,2.235906646712809
ringing,Fourier truncation / frequency-domain ringing-like degradation,4,ringing_L4,"{""keep_fraction"": 0.55}",script26a_restored_original_range,74,0.8918640153204446,0.07093099763213903,0.004287146581400334,0.024470266767080726,0.8115366049010848,0.10661675981805786,0.007019829629273117,0.03469885551956795,0.8427746995843527,0.14592941164653633,0.004183059717441348,0.06091868981987466,0.750787928020812,0.18287426001576151,0.0054788472157422255,0.06655833089015335,0.7309055580721795,0.26173950872885665,0.010797860820251932,0.031918513587203684,0.6283704760634515,0.26218885775386375,0.01542263959373938,0.036835637428872796,101745.64864864865,99706.22972972973,4064.2162162162163,2.9877373070732967,2.229242434372773
ringing,Fourier truncation / frequency-domain ringing-like degradation,5,ringing_L5,"{""keep_fraction"": 0.45}",script26a_restored_original_range,74,0.8868607792973088,0.07552880303910536,0.009290382604536107,0.030919609549068743,0.804244329505013,0.11278470919477815,0.014312105025344884,0.043279185964842336,0.8357990540514479,0.150738736657493,0.01115870525034616,0.06993325719315235,0.7414963374687723,0.1866408403926375,0.014770437767781914,0.07587113122141952,0.7196742505930153,0.2602331132656207,0.0220291682994161,0.03753560717694974,0.6132352880924791,0.2594331485419936,0.030557827564711756,0.04515613955463547,103405.2027027027,99706.22972972973,5723.77027027027,2.9925956607267663,2.223974702200173
ringing,Fourier truncation / frequency-domain ringing-like degradation,6,ringing_L6,"{""keep_fraction"": 0.35}",script29a_saved_normalized_01,74,0.8708644058709275,0.09916351994865918,0.025286756030917477,0.05966545810704114,0.7831129938695864,0.13767127738076065,0.03544344066077139,0.07306909039257037,0.8217403799254963,0.15983003332462933,0.02521737937629782,0.08183619951750407,0.7230752137832053,0.19400512346039922,0.033191561453349075,0.08882536460202747,0.6971865131643082,0.25895911910453284,0.04451690572812323,0.05031930931253693,0.5844276972916351,0.25564569176601915,0.05936541836555581,0.06183261908939859,106400.22972972973,99706.22972972973,8718.797297297297,2.990528055114319,2.1523468340621204
ringing,Fourier truncation / frequency-domain ringing-like degradation,7,ringing_L7,"{""keep_fraction"": 0.25}",script29a_saved_normalized_01,74,0.8349622187997657,0.14545918825321383,0.06118894310207907,0.10857741753198576,0.7385756999095389,0.17979210028459547,0.07998073462081905,0.12024046228600788,0.7855041056296252,0.17944526913458786,0.06145365367216893,0.11043647636531219,0.677059719137329,0.21038590226829718,0.07920705609922529,0.12023411627638746,0.6535563351972643,0.2588200837654403,0.08814708369516713,0.08265353936540719,0.5319290307098582,0.24924455452177305,0.11186408494733269,0.09278586607738949,114243.75675675676,99706.22972972973,16562.324324324323,3.0135682650363527,2.148366672188245
ringing,Fourier truncation / frequency-domain ringing-like degradation,8,ringing_L8,"{""keep_fraction"": 0.15}",script29a_saved_normalized_01,74,0.7483097548778875,0.20343341670373385,0.14784140702395734,0.16630842545705232,0.6333166637865151,0.22331936661643043,0.18523977074384285,0.17003597286333183,0.6930417245693338,0.22799802841454522,0.1539160347324604,0.18657402489594513,0.5709185889156735,0.2387499902994435,0.1853481863208807,0.18858716470456185,0.561429720677585,0.25703466368776345,0.1802736982148464,0.1382609249984707,0.43047596798089505,0.23123375710444288,0.2133171476762959,0.14250597078145963,137930.66216216216,99706.22972972973,40249.22972972973,2.9828639156059236,2.1429482019581907
ringing,Fourier truncation / frequency-domain ringing-like degradation,9,ringing_L9,"{""keep_fraction"": 0.1}",script29a_saved_normalized_01,74,0.652253251772434,0.2253042930966316,0.24389791012941098,0.19087792106476312,0.521153671812427,0.22820188562001847,0.2974027627179309,0.18454630800614277,0.5987860620186524,0.24014700820709414,0.2481716972831418,0.2101979338075346,0.46547466711819163,0.22849479677274862,0.2907921081183626,0.20167578694073643,0.48984824362204443,0.2432032933082787,0.25185517527038687,0.1576222671201105,0.35636543983166424,0.20379022779765366,0.2874276758255266,0.1608230543962703,173417.4189189189,99706.22972972973,75735.98648648648,3.0454500387296886,2.145688444174625
ringing,Fourier truncation / frequency-domain ringing-like degradation,10,ringing_L10,"{""keep_fraction"": 0.05}",script29a_saved_normalized_01,74,0.451236200981152,0.22746486037472757,0.4449149609206928,0.2040135533506289,0.32032449944603814,0.20237414473174176,0.4982319350843197,0.1822548249667628,0.3664185257089665,0.23585372867982213,0.4805392335928277,0.24189617517019898,0.25207538269842567,0.19740792655322673,0.5041913925381286,0.22880963528476744,0.31443365406728196,0.22131331138871052,0.42726976482514945,0.20897783984454463,0.20763070860285898,0.16412700750327675,0.4361624070543319,0.20460894843235147,297694.6081081081,99706.22972972973,200013.17567567568,2.9870178629014945,2.1509427824183494
