condition,level,n,mean_clean_wt_dice,mean_wt_dice,std_wt_dice,mean_wt_dice_drop,std_wt_dice_drop,artifact,relative_drop_percent,artifact_display,mse_mean,mse_std,psnr_mean,psnr_std,n_measurements,n_patients
blur_L1,1,74,0.7628045228832854,0.7551526282250917,0.1614627036706656,0.0076518946581936,0.025637280248057,blur,1.0031265453527571,Blur,0.0005571241416062,0.0002501564599926,33.01556794353227,2.141971273209943,296,74
blur_L2,2,74,0.7628045228832854,0.7263254713205718,0.17626259072907,0.0364790515627135,0.0500339808908701,blur,4.782228011028076,Blur,0.0036110331860293,0.0014749375016168,24.8282538631119,1.987676258242996,296,74
blur_L3,3,74,0.7628045228832854,0.6922412765009645,0.1882145666799099,0.0705632463823209,0.069037610350294,blur,9.250501834415264,Blur,0.0064026475773897,0.0023870735421386,22.28412559821921,1.8528291504257528,296,74
blur_L4,4,74,0.7628045228832854,0.6560800290872025,0.1976024249812993,0.1067244937960828,0.0839305212292131,blur,13.991067251762011,Blur,0.0089888474243265,0.0031683309885377,20.77671860014864,1.76150832709803,296,74
blur_L5,5,74,0.7628045228832854,0.6233778535843288,0.2031909706860559,0.1394266692989565,0.0941152278241408,blur,18.27816499723217,Blur,0.0113395068576603,0.0038694015106573,19.74670102519668,1.69751399213873,296,74
blur_L6,6,74,0.7628045228832854,0.594273268875537,0.2070549111055215,0.1685312540077483,0.1020712000419678,blur,22.093635912215856,Blur,0.0134633278334198,0.0044980251885273,18.986159809328967,1.6480403573444524,296,74
blur_L7,7,74,0.7628045228832854,0.5690826712879359,0.2104544334918861,0.1937218515953494,0.1089366497754318,blur,25.39600196169659,Blur,0.0153917261372584,0.0050591327616671,18.39305563430209,1.6071493148449547,296,74
blur_L8,8,74,0.7628045228832854,0.5474053127073506,0.2128711587872739,0.2153992101759348,0.1144314368256353,blur,28.237799293816256,Blur,0.0171622763493261,0.0055630109236441,17.91048016038472,1.572463442487853,296,74
blur_L9,9,74,0.7628045228832854,0.5281357334387964,0.2141729581042183,0.2346687894444889,0.1185787799176898,blur,30.763948351731912,Blur,0.0188091054985085,0.006022006622245,17.50443035696539,1.542930113325061,296,74
blur_L10,10,74,0.7628045228832854,0.5106561814076688,0.2148300999685977,0.2521483414756165,0.1220251149840515,blur,33.05543345791055,Blur,0.0203598378150648,0.0064475322287553,17.153582763000916,1.5179022236227384,296,74
contrast_L1,1,74,0.7628045228832854,0.7631208789505455,0.1550591421711133,-0.0003163560672601,0.0153591609709847,contrast,-0.0414727571441737,Contrast reduction,0.0005661220403035,0.0002277931472755,32.816209611913315,1.747349274611283,296,74
contrast_L2,2,74,0.7628045228832854,0.7631171226975751,0.1550608471309053,-0.0003125998142897,0.0153586143971534,contrast,-0.0409803304663428,Contrast reduction,0.0035381966822692,0.0014236405583542,24.857468484030832,1.7472922189573026,296,74
contrast_L3,3,74,0.7628045228832854,0.7631190973404437,0.1550606336841483,-0.0003145744571582,0.0153589109786883,contrast,-0.0412391966383786,Contrast reduction,0.0090577541834775,0.0036444830628018,20.775077460918634,1.7472779697435457,296,74
contrast_L4,4,74,0.7628045228832854,0.7631197239538674,0.1550594480261374,-0.000315201070582,0.0153627582738516,contrast,-0.0413213426410471,Contrast reduction,0.0171247884108861,0.006890318356165,18.009028807335017,1.7472741442473476,296,74
contrast_L5,5,74,0.7628045228832854,0.7631186451072256,0.1550598311524045,-0.0003141222239402,0.0153632683649389,contrast,-0.0411799110410219,Contrast reduction,0.0277393036836607,0.0111611466011393,15.914324040444995,1.74727077842524,296,74
contrast_L6,6,74,0.7628045228832854,0.7631213828255377,0.1550567675079626,-0.0003168599422523,0.0153604512913428,contrast,-0.041538812729456,Contrast reduction,0.023158254177385,0.0068029933867879,16.542186536699425,1.2969410692824834,296,74
contrast_L7,7,74,0.7628045228832854,0.76311988325895,0.1550592966464826,-0.0003153603756645,0.0153597346804197,contrast,-0.0413422267703103,Contrast reduction,0.026143571009507,0.0076800490696149,16.015599128117614,1.296951923212936,296,74
contrast_L8,8,74,0.7628045228832854,0.7631180751244758,0.1550600776160768,-0.0003135522411904,0.0153575178095777,contrast,-0.0411051890470249,Contrast reduction,0.0293098142735559,0.0086102703034942,15.519120820420303,1.2969618680829686,296,74
contrast_L9,9,74,0.7628045228832854,0.7631195517769157,0.1550630479297591,-0.0003150288936303,0.0153575111708339,contrast,-0.0412987710717313,Contrast reduction,0.0326569927604617,0.0095936579839719,15.049492726307228,1.296971585396929,296,74
contrast_L10,10,74,0.7628045228832854,0.7631186734370886,0.1550618221417375,-0.0003141505538032,0.0153606507330686,contrast,-0.0411836249496491,Contrast reduction,0.0347521447897511,0.0102092046951315,14.77944004158791,1.2969762212019522,296,74
ghosting_L1,1,74,0.7628045228832854,0.7660792333492609,0.1514206386769889,-0.0032747104659755,0.0194677140502428,ghosting,-0.4292987741600702,Ghosting,0.0013730063212672,0.0004994941794226,28.916297312407018,1.6140391182069962,296,74
ghosting_L2,2,74,0.7628045228832854,0.7631345312397565,0.1495945073794788,-0.0003300083564711,0.0299695414031917,ghosting,-0.0432625065231314,Ghosting,0.0039967406235125,0.0014448633795121,24.27251604896384,1.6048191194497476,296,74
ghosting_L3,3,74,0.7628045228832854,0.7491933595628124,0.1512392293785039,0.0136111633204729,0.0439664624543154,ghosting,1.784357972737868,Ghosting,0.0079475952740255,0.0028718842450592,21.286958272391377,1.6040571907407273,296,74
ghosting_L4,4,74,0.7628045228832854,0.7147837996603299,0.15638401478325,0.0480207232229554,0.0593852171430836,ghosting,6.295285591837393,Ghosting,0.0133234554920597,0.0048176403759751,19.04351880289593,1.6050266470814023,296,74
ghosting_L5,5,74,0.7628045228832854,0.6610611613444185,0.1626510212126064,0.1017433615388668,0.0701956184172291,ghosting,13.338064797294644,Ghosting,0.0201968617148923,0.0073261469325398,17.238633125254196,1.609822138468313,296,74
ghosting_L6,6,74,0.7628045228832854,0.5941902568478151,0.1684178345029283,0.1686142660354702,0.0796074582057073,ghosting,22.104518389342253,Ghosting,0.0279148006906128,0.0100897546525857,15.831136627794804,1.604494795232314,296,74
ghosting_L7,7,74,0.7628045228832854,0.5242386771100238,0.1725697625374183,0.2385658457732616,0.0885693989910248,ghosting,31.27483367187165,Ghosting,0.0372226469885759,0.0134570672116942,14.581543737132014,1.6048660569431894,296,74
ghosting_L8,8,74,0.7628045228832854,0.4576946617830904,0.1741505338057045,0.3051098611001949,0.0947567266084994,ghosting,39.99843366776667,Ghosting,0.047893251786386,0.01731240023687,13.48679436383372,1.6046505635885966,296,74
ghosting_L9,9,74,0.7628045228832854,0.4277873692990286,0.174509594720229,0.3350171535842566,0.0990212523666309,ghosting,43.91913570700166,Ghosting,0.053832670717777,0.0194560541162993,12.97898399530985,1.6043944891669466,296,74
ghosting_L10,10,74,0.7628045228832854,0.4050602247851328,0.1734529352956154,0.3577442980981525,0.1018301180105363,ghosting,46.89855492019546,Ghosting,0.0598503777039916,0.0216460346855693,12.519153117794566,1.605396233707367,296,74
noise_L1,1,74,0.7628045228832854,0.7644861241432233,0.1541987957985506,-0.0016816012599378,0.0149467037520305,noise,-0.2204498281658919,Gaussian noise,0.0003942355697044,1.0906934520212673e-06,34.04245855069853,0.0120387772608272,296,74
noise_L2,2,74,0.7628045228832854,0.7670587439111319,0.1512373403928242,-0.0042542210278465,0.015851067900662,noise,-0.5577078924186492,Gaussian noise,0.0015666266357387,1.1404262431711671e-05,28.050460905145183,0.0318807039563151,296,74
noise_L3,3,74,0.7628045228832854,0.768522902683808,0.1480017914226847,-0.0057183798005225,0.0217394500505032,noise,-0.7496520575032739,Gaussian noise,0.0034927877792585,5.1240472140842885e-05,24.568754793436405,0.0648440990812623,296,74
noise_L4,4,74,0.7628045228832854,0.7681997920905835,0.1456640892652926,-0.0053952692072981,0.0316938501691667,noise,-0.7072938145286357,Gaussian noise,0.0061354919988032,0.0001428076707976,22.12271621675829,0.1035275818390808,296,74
noise_L5,5,74,0.7628045228832854,0.7662497850629735,0.1431897618401797,-0.0034452621796881,0.0433794021341075,noise,-0.4516572826109548,Gaussian noise,0.0094493222737533,0.00030636081219,20.248356810781928,0.144922996043295,296,74
noise_L6,6,74,0.7628045228832854,0.7473584842458548,0.1391799681557901,0.0154460386374304,0.0743334369069285,noise,2.0249012917551648,Gaussian noise,0.0202910251021888,0.0010725434289012,16.93327131341893,0.2371262772537607,296,74
noise_L7,7,74,0.7628045228832854,0.7219646331106577,0.1416993451219575,0.0408398897726276,0.099593266366381,noise,5.353912902647593,Gaussian noise,0.0339266012888401,0.0021863935447318,14.703936039771008,0.2881565003513487,296,74
noise_L8,8,74,0.7628045228832854,0.6461395910176252,0.1708948783088691,0.1166649318656601,0.1539523411793004,noise,15.29421081887197,Gaussian noise,0.0651975600678171,0.0039098553895759,11.865676734028774,0.2656966612123186,296,74
noise_L9,9,74,0.7628045228832854,0.5495079058151487,0.1962087467229938,0.2132966170681366,0.1890086222816105,noise,27.962159461497134,Gaussian noise,0.0959941449549955,0.0037334794407925,10.180874819013138,0.1708074564011882,296,74
noise_L10,10,74,0.7628045228832854,0.4430807510332911,0.2060344673282775,0.3197237718499942,0.2049441885500808,noise,41.91424700019958,Gaussian noise,0.1228413769874621,0.0022531068561114,9.107285164815384,0.0799761476108384,296,74
ringing_L1,1,74,0.7628045228832854,0.764650146935151,0.1543725778993933,-0.0018456240518655,0.0163695106755587,ringing,-0.2419524264079333,Frequency-domain truncation,0.0003418561236439,0.0001784202727152,35.28831250580274,2.4760358688215325,296,74
ringing_L2,2,74,0.7628045228832854,0.7648227306983685,0.1544616472374506,-0.0020182078150831,0.0173592554664759,ringing,-0.2645773267644821,Frequency-domain truncation,0.0006416257373702,0.0003329922125449,32.531174560682445,2.408699703134331,296,74
ringing_L3,3,74,0.7628045228832854,0.7641560024332819,0.1552892065676389,-0.0013514795499965,0.0187900037575906,ringing,-0.177172461548619,Frequency-domain truncation,0.0010576432850447,0.0005324429159944,30.32103175277614,2.3128329993220045,296,74
ringing_L4,4,74,0.7628045228832854,0.7622944347378049,0.1568355861218286,0.0005100881454805,0.0209993057498774,ringing,0.0668700997671659,Frequency-domain truncation,0.0016438471950489,0.0007920279158011,28.364507618286865,2.2270637569899123,296,74
ringing_L5,5,74,0.7628045228832854,0.7583422124253785,0.1598236955795186,0.0044623104579068,0.0247050515852465,ringing,0.5849874147363439,Frequency-domain truncation,0.0025125493795368,0.001152000098839,26.48085800313618,2.143540977043318,296,74
ringing_L6,6,74,0.7628045228832854,0.7498009652707246,0.1650200838528459,0.0130035576125607,0.0313264365821658,ringing,1.7047037900888782,Frequency-domain truncation,0.0038155231117884,0.0016443759833951,24.618626109836907,2.041100337098974,296,74
ringing_L7,7,74,0.7628045228832854,0.7290315007665806,0.1744635336954737,0.0337730221167047,0.0461098009544359,ringing,4.427480580352074,Frequency-domain truncation,0.006202564838679,0.0024189272203088,22.444597285559983,1.9011963828432008,296,74
ringing_L8,8,74,0.7628045228832854,0.6549033079021348,0.1975958032792624,0.1079012149811505,0.0811327862384918,ringing,14.145329733140583,Frequency-domain truncation,0.0114457473899017,0.0040174772252394,19.725248926564987,1.7559783449756063,296,74
ringing_L9,9,74,0.7628045228832854,0.5704967956264614,0.2082143367347504,0.192307727256824,0.1030685529503626,ringing,25.210617070010283,Frequency-domain truncation,0.0164421112677774,0.0055026714218066,18.11629136447112,1.6377634072899698,296,74
ringing_L10,10,74,0.7628045228832854,0.419288873757794,0.2038095202320023,0.3435156491254913,0.129036463152,ringing,45.03324755168654,Frequency-domain truncation,0.0276325588929466,0.0086294112385305,15.815587268291704,1.4683004912547737,296,74
